time,device,temp_c,ph,hopper_kg,fed_kg,bag_pct,gen_w,gen_kwh,ch4_ppm,valve_open
2026-09-03 00:00:00,egg-01,30.3,7.25,0.0,0.0,0.0,0.0,0.0,45,1
2026-09-03 03:00:00,egg-01,29.0,7.25,0.0,0.0,1.5,0.0,0.0,47,1
2026-09-03 06:00:00,egg-01,29.6,7.23,0.0,0.0,3.0,0.0,0.0,45,1
2026-09-03 09:00:00,egg-01,30.2,7.2,0.0,0.0,4.5,0.0,0.0,48,1
2026-09-03 12:00:00,egg-01,29.4,7.19,0.0,0.0,6.0,0.0,0.0,33,1
2026-09-03 15:00:00,egg-01,30.5,7.2,0.0,0.0,7.5,0.0,0.0,36,1
2026-09-03 18:00:00,egg-01,29.4,7.18,0.0,1.0,8.9,0.0,0.0,40,1
2026-09-03 21:00:00,egg-01,29.8,7.28,0.0,0.0,0.0,350.0,0.027,55,1
2026-09-04 00:00:00,egg-01,27.8,7.09,0.0,0.0,0.0,0.0,0.027,37,1
2026-09-04 03:00:00,egg-01,29.7,7.21,0.0,0.0,3.0,0.0,0.027,43,1
2026-09-04 06:00:00,egg-01,31.7,7.13,0.0,0.0,5.9,0.0,0.027,34,1
2026-09-04 09:00:00,egg-01,31.6,7.24,0.0,0.0,8.9,0.0,0.027,50,1
2026-09-04 12:00:00,egg-01,29.6,7.1,0.0,0.0,11.8,0.0,0.027,43,1
2026-09-04 15:00:00,egg-01,30.1,7.13,0.0,0.0,14.8,0.0,0.027,30,1
2026-09-04 18:00:00,egg-01,29.9,7.14,0.0,1.09,17.7,0.0,0.027,39,1
2026-09-04 21:00:00,egg-01,30.1,7.2,0.0,0.0,0.0,350.0,0.08,32,1
2026-09-05 00:00:00,egg-01,30.5,7.25,0.0,0.0,0.0,0.0,0.08,45,1
2026-09-05 03:00:00,egg-01,29.3,7.24,0.0,0.0,2.6,0.0,0.08,32,1
2026-09-05 06:00:00,egg-01,30.7,7.14,0.0,0.0,5.3,0.0,0.08,54,1
2026-09-05 09:00:00,egg-01,30.0,7.13,0.0,0.0,7.9,0.0,0.08,35,1
2026-09-05 12:00:00,egg-01,30.0,7.22,0.0,0.0,10.6,0.0,0.08,25,1
2026-09-05 15:00:00,egg-01,29.1,7.21,0.0,0.0,13.2,0.0,0.08,33,1
2026-09-05 18:00:00,egg-01,30.2,7.25,0.0,0.0,15.9,0.0,0.08,15,1
2026-09-05 21:00:00,egg-01,30.2,7.27,0.0,0.0,0.0,350.0,0.127,36,1
2026-09-06 00:00:00,egg-01,29.4,7.25,0.0,0.0,0.0,0.0,0.127,44,1
2026-09-06 03:00:00,egg-01,30.7,7.18,0.0,0.0,3.5,0.0,0.127,18,1
2026-09-06 06:00:00,egg-01,29.9,7.17,0.0,0.0,6.9,0.0,0.127,52,1
2026-09-06 09:00:00,egg-01,30.2,7.1,0.0,0.0,10.4,0.0,0.127,22,1
2026-09-06 12:00:00,egg-01,30.7,7.24,0.0,0.0,13.8,0.0,0.127,30,1
2026-09-06 15:00:00,egg-01,30.0,7.23,0.0,0.0,17.3,0.0,0.127,47,1
2026-09-06 18:00:00,egg-01,30.7,7.22,0.0,0.73,20.7,0.0,0.127,39,1
2026-09-06 21:00:00,egg-01,29.8,7.26,0.0,0.0,0.0,350.0,0.189,6,1
2026-09-07 00:00:00,egg-01,29.9,7.2,0.0,0.0,0.0,0.0,0.189,19,1
2026-09-07 03:00:00,egg-01,30.3,7.16,0.0,0.0,4.4,0.0,0.189,53,1
2026-09-07 06:00:00,egg-01,29.9,7.24,0.0,0.0,8.7,0.0,0.189,58,1
2026-09-07 09:00:00,egg-01,30.3,7.15,0.0,0.0,13.1,0.0,0.189,17,1
2026-09-07 12:00:00,egg-01,31.4,7.19,0.0,0.0,17.5,0.0,0.189,30,1
2026-09-07 15:00:00,egg-01,30.1,7.19,0.0,0.0,21.8,0.0,0.189,53,1
2026-09-07 18:00:00,egg-01,30.0,7.2,0.0,0.86,26.2,0.0,0.189,29,1
2026-09-07 21:00:00,egg-01,30.4,7.14,0.0,0.0,0.0,350.0,0.268,50,1
2026-09-08 00:00:00,egg-01,31.2,7.11,0.0,0.0,0.0,0.0,0.268,3,1
2026-09-08 03:00:00,egg-01,30.5,7.35,0.0,0.0,4.9,0.0,0.268,25,1
2026-09-08 06:00:00,egg-01,29.0,7.24,0.0,0.0,9.9,0.0,0.268,27,1
2026-09-08 09:00:00,egg-01,29.6,7.18,0.0,0.0,14.8,0.0,0.268,48,1
2026-09-08 12:00:00,egg-01,29.7,7.22,0.0,0.0,19.8,0.0,0.268,37,1
2026-09-08 15:00:00,egg-01,29.3,7.18,0.0,0.0,24.7,0.0,0.268,26,1
2026-09-08 18:00:00,egg-01,30.0,7.13,0.0,0.7,29.7,0.0,0.268,24,1
2026-09-08 21:00:00,egg-01,31.2,7.2,0.0,0.0,0.0,350.0,0.357,39,1
2026-09-09 00:00:00,egg-01,30.4,7.17,0.0,0.0,0.0,0.0,0.357,37,1
2026-09-09 03:00:00,egg-01,30.3,7.22,0.0,0.0,5.9,0.0,0.357,23,1
2026-09-09 06:00:00,egg-01,30.7,7.16,0.0,0.0,11.9,0.0,0.357,24,1
2026-09-09 09:00:00,egg-01,29.3,7.18,0.0,0.0,17.8,0.0,0.357,64,1
2026-09-09 12:00:00,egg-01,29.1,7.21,0.0,0.0,23.8,0.0,0.357,8,1
2026-09-09 15:00:00,egg-01,30.0,7.25,0.0,0.0,29.7,0.0,0.357,36,1
2026-09-09 18:00:00,egg-01,29.5,7.21,0.0,1.02,35.7,0.0,0.357,51,1
2026-09-09 21:00:00,egg-01,30.5,7.32,0.0,0.0,0.0,350.0,0.463,43,1
2026-09-10 00:00:00,egg-01,29.5,7.19,0.0,0.0,0.0,0.0,0.463,39,1
2026-09-10 03:00:00,egg-01,30.1,7.2,0.0,0.0,5.3,0.0,0.463,43,1
2026-09-10 06:00:00,egg-01,28.7,7.25,0.0,0.0,10.6,0.0,0.463,31,1
2026-09-10 09:00:00,egg-01,29.1,7.24,0.0,0.0,15.9,0.0,0.463,60,1
2026-09-10 12:00:00,egg-01,30.4,7.21,0.0,0.0,21.3,0.0,0.463,26,1
2026-09-10 15:00:00,egg-01,32.3,7.25,0.0,0.0,26.6,0.0,0.463,23,1
2026-09-10 18:00:00,egg-01,29.4,7.21,0.0,0.0,31.9,0.0,0.463,17,1
2026-09-10 21:00:00,egg-01,30.1,7.17,0.0,0.0,0.0,350.0,0.559,58,1
2026-09-11 00:00:00,egg-01,30.8,7.04,0.0,0.0,0.0,0.0,0.559,41,1
2026-09-11 03:00:00,egg-01,28.7,7.27,0.0,0.0,6.0,0.0,0.559,43,1
2026-09-11 06:00:00,egg-01,30.4,7.14,0.0,0.0,12.0,0.0,0.559,67,1
2026-09-11 09:00:00,egg-01,31.6,7.14,0.0,0.0,18.1,0.0,0.559,46,1
2026-09-11 12:00:00,egg-01,29.5,7.2,0.0,0.0,24.1,0.0,0.559,21,1
2026-09-11 15:00:00,egg-01,31.5,7.14,0.0,0.0,30.1,0.0,0.559,36,1
2026-09-11 18:00:00,egg-01,30.4,7.16,0.0,0.85,36.1,0.0,0.559,36,1
2026-09-11 21:00:00,egg-01,29.5,7.19,0.0,0.0,0.0,350.0,0.667,22,1
2026-09-12 00:00:00,egg-01,29.6,7.19,0.0,0.0,0.0,0.0,0.667,35,1
2026-09-12 03:00:00,egg-01,30.0,7.18,0.0,0.0,6.6,0.0,0.667,51,1
2026-09-12 06:00:00,egg-01,29.7,7.19,0.0,0.0,13.2,0.0,0.667,30,1
2026-09-12 09:00:00,egg-01,29.6,7.12,0.0,0.0,19.8,0.0,0.667,48,1
2026-09-12 12:00:00,egg-01,29.1,7.16,0.0,0.0,26.4,0.0,0.667,45,1
2026-09-12 15:00:00,egg-01,30.3,7.18,0.0,0.0,32.9,0.0,0.667,10,1
2026-09-12 18:00:00,egg-01,30.3,7.22,0.0,0.81,39.5,0.0,0.667,19,1
2026-09-12 21:00:00,egg-01,30.6,7.16,0.0,0.0,0.0,350.0,0.785,23,1
2026-09-13 00:00:00,egg-01,30.1,7.19,0.0,0.0,0.0,0.0,0.785,43,1
2026-09-13 03:00:00,egg-01,28.7,7.31,0.0,0.0,7.6,0.0,0.785,31,1
2026-09-13 06:00:00,egg-01,28.8,7.24,0.0,0.0,15.2,0.0,0.785,35,1
2026-09-13 09:00:00,egg-01,30.3,7.18,0.0,0.0,22.8,0.0,0.785,39,1
2026-09-13 12:00:00,egg-01,30.2,7.16,0.0,0.0,30.4,0.0,0.785,50,1
2026-09-13 15:00:00,egg-01,29.6,7.15,0.0,0.0,38.0,0.0,0.785,41,1
2026-09-13 18:00:00,egg-01,30.4,7.19,0.0,1.15,45.6,0.0,0.785,27,1
2026-09-13 21:00:00,egg-01,30.5,7.09,0.0,0.0,0.0,350.0,0.921,25,1
2026-09-14 00:00:00,egg-01,30.0,7.12,0.0,0.0,0.0,0.0,0.921,40,1
2026-09-14 03:00:00,egg-01,30.0,7.25,0.0,0.0,8.5,0.0,0.921,26,1
2026-09-14 06:00:00,egg-01,29.5,7.22,0.0,0.0,16.9,0.0,0.921,3,1
2026-09-14 09:00:00,egg-01,32.5,7.16,0.0,0.0,25.4,0.0,0.921,29,1
2026-09-14 12:00:00,egg-01,30.7,7.2,0.0,0.0,33.8,0.0,0.921,13,1
2026-09-14 15:00:00,egg-01,30.5,7.25,0.0,0.0,42.3,0.0,0.921,33,1
2026-09-14 18:00:00,egg-01,29.8,7.23,0.0,1.11,50.7,0.0,0.921,26,1
2026-09-14 21:00:00,egg-01,30.4,7.21,0.0,0.0,0.0,350.0,1.073,30,1
2026-09-15 00:00:00,egg-01,28.9,7.19,0.0,0.0,0.0,0.0,1.073,27,1
2026-09-15 03:00:00,egg-01,30.8,7.21,0.0,0.0,9.1,0.0,1.073,52,1
2026-09-15 06:00:00,egg-01,30.1,7.22,0.0,0.0,18.2,0.0,1.073,28,1
2026-09-15 09:00:00,egg-01,30.5,7.31,0.0,0.0,27.3,0.0,1.073,35,1
2026-09-15 12:00:00,egg-01,29.5,7.19,0.0,0.0,36.4,0.0,1.073,33,1
2026-09-15 15:00:00,egg-01,29.4,7.21,0.0,0.0,45.5,0.0,1.073,36,1
2026-09-15 18:00:00,egg-01,31.2,7.2,0.0,1.03,54.6,0.0,1.073,45,1
2026-09-15 21:00:00,egg-01,30.8,7.18,0.0,0.0,0.0,350.0,1.236,62,1
2026-09-16 00:00:00,egg-01,29.5,7.15,0.0,0.0,0.0,0.0,1.236,35,1
2026-09-16 03:00:00,egg-01,29.9,7.12,0.0,0.0,9.2,0.0,1.236,39,1
2026-09-16 06:00:00,egg-01,28.7,7.28,0.0,0.0,18.4,0.0,1.236,39,1
2026-09-16 09:00:00,egg-01,29.5,7.15,0.0,0.0,27.6,0.0,1.236,34,1
2026-09-16 12:00:00,egg-01,29.8,7.14,0.0,0.0,36.8,0.0,1.236,26,1
2026-09-16 15:00:00,egg-01,29.9,7.17,0.0,0.0,46.0,0.0,1.236,54,1
2026-09-16 18:00:00,egg-01,30.9,7.2,0.0,0.72,55.2,0.0,1.236,47,1
2026-09-16 21:00:00,egg-01,28.9,7.24,0.0,0.0,0.0,350.0,1.401,40,1
2026-09-17 00:00:00,egg-01,30.4,7.3,0.0,0.0,0.0,0.0,1.401,6,1
2026-09-17 03:00:00,egg-01,30.2,7.13,0.0,0.0,9.7,0.0,1.401,49,1
2026-09-17 06:00:00,egg-01,28.9,7.17,0.0,0.0,19.4,0.0,1.401,43,1
2026-09-17 09:00:00,egg-01,30.5,7.2,0.0,0.0,29.1,0.0,1.401,28,1
2026-09-17 12:00:00,egg-01,29.6,7.25,0.0,0.0,38.8,0.0,1.401,40,1
2026-09-17 15:00:00,egg-01,28.7,7.25,0.0,0.0,48.5,0.0,1.401,46,1
2026-09-17 18:00:00,egg-01,30.7,7.18,0.0,0.99,58.2,0.0,1.401,52,1
2026-09-17 21:00:00,egg-01,29.2,7.23,0.0,0.0,0.0,350.0,1.575,33,1
2026-09-18 00:00:00,egg-01,30.5,7.26,0.0,0.0,0.0,0.0,1.575,29,1
2026-09-18 03:00:00,egg-01,30.0,7.2,0.0,0.0,10.5,0.0,1.575,58,1
2026-09-18 06:00:00,egg-01,30.6,7.13,0.0,0.0,21.0,0.0,1.575,47,1
2026-09-18 09:00:00,egg-01,30.6,7.33,0.0,0.0,31.4,0.0,1.575,15,1
2026-09-18 12:00:00,egg-01,29.6,7.28,0.0,0.0,41.9,0.0,1.575,20,1
2026-09-18 15:00:00,egg-01,29.0,7.23,0.0,0.0,52.4,0.0,1.575,55,1
2026-09-18 18:00:00,egg-01,29.5,7.23,0.0,1.21,62.9,0.0,1.575,42,1
2026-09-18 21:00:00,egg-01,31.2,7.2,0.0,0.0,0.0,350.0,1.764,55,1
2026-09-19 00:00:00,egg-01,29.3,7.19,0.0,0.0,0.0,0.0,1.764,39,1
2026-09-19 03:00:00,egg-01,30.9,7.23,0.0,0.0,9.4,0.0,1.764,29,1
2026-09-19 06:00:00,egg-01,30.5,7.25,0.0,0.0,18.7,0.0,1.764,38,1
2026-09-19 09:00:00,egg-01,29.8,7.19,0.0,0.0,28.1,0.0,1.764,15,1
2026-09-19 12:00:00,egg-01,30.2,7.21,0.0,0.0,37.5,0.0,1.764,27,1
2026-09-19 15:00:00,egg-01,30.6,7.12,0.0,0.0,46.8,0.0,1.764,32,1
2026-09-19 18:00:00,egg-01,29.6,7.32,0.0,0.0,56.2,0.0,1.764,16,1
2026-09-19 21:00:00,egg-01,30.5,7.26,0.0,0.0,0.0,350.0,1.932,46,1
2026-09-20 00:00:00,egg-01,30.9,7.14,0.0,0.0,0.0,0.0,1.932,6,1
2026-09-20 03:00:00,egg-01,30.6,7.13,0.0,0.0,9.7,0.0,1.932,35,1
2026-09-20 06:00:00,egg-01,29.1,7.26,0.0,0.0,19.3,0.0,1.932,53,1
2026-09-20 09:00:00,egg-01,29.4,7.25,0.0,0.0,29.0,0.0,1.932,42,1
2026-09-20 12:00:00,egg-01,29.9,7.2,0.0,0.0,38.6,0.0,1.932,37,1
2026-09-20 15:00:00,egg-01,30.5,7.22,0.0,0.0,48.3,0.0,1.932,35,1
2026-09-20 18:00:00,egg-01,30.8,7.16,0.0,0.86,57.9,0.0,1.932,44,1
2026-09-20 21:00:00,egg-01,30.3,7.29,0.0,0.0,0.0,350.0,2.105,32,1
2026-09-21 00:00:00,egg-01,31.4,7.21,0.0,0.0,0.0,0.0,2.105,37,1
2026-09-21 03:00:00,egg-01,29.5,7.24,0.0,0.0,9.3,0.0,2.105,41,1
2026-09-21 06:00:00,egg-01,29.1,7.13,0.0,0.0,18.5,0.0,2.105,32,1
2026-09-21 09:00:00,egg-01,29.5,7.27,0.0,0.0,27.8,0.0,2.105,61,1
2026-09-21 12:00:00,egg-01,30.7,7.22,0.0,0.0,37.1,0.0,2.105,34,1
2026-09-21 15:00:00,egg-01,30.0,7.25,0.0,0.0,46.4,0.0,2.105,72,1
2026-09-21 18:00:00,egg-01,30.7,7.18,0.0,0.43,55.6,0.0,2.105,41,1
2026-09-21 21:00:00,egg-01,29.6,7.15,0.0,0.0,0.0,350.0,2.271,37,1
2026-09-22 00:00:00,egg-01,30.2,7.31,0.0,0.0,0.0,0.0,2.271,41,1
2026-09-22 03:00:00,egg-01,31.1,7.31,0.0,0.0,9.2,0.0,2.271,41,1
2026-09-22 06:00:00,egg-01,31.3,7.24,0.0,0.0,18.4,0.0,2.271,34,1
2026-09-22 09:00:00,egg-01,30.2,7.2,0.0,0.0,27.6,0.0,2.271,37,1
2026-09-22 12:00:00,egg-01,29.8,7.21,0.0,0.0,36.8,0.0,2.271,47,1
2026-09-22 15:00:00,egg-01,29.3,7.2,0.0,0.0,46.0,0.0,2.271,17,1
2026-09-22 18:00:00,egg-01,30.2,7.24,0.0,0.61,55.2,0.0,2.271,42,1
2026-09-22 21:00:00,egg-01,30.2,7.24,0.0,0.0,0.0,350.0,2.436,30,1
2026-09-23 00:00:00,egg-01,29.8,7.23,0.0,0.0,0.0,0.0,2.436,55,1
2026-09-23 03:00:00,egg-01,30.3,7.35,0.0,0.0,8.9,0.0,2.436,39,1
2026-09-23 06:00:00,egg-01,30.8,7.28,0.0,0.0,17.8,0.0,2.436,38,1
2026-09-23 09:00:00,egg-01,29.3,7.13,0.0,0.0,26.7,0.0,2.436,42,1
2026-09-23 12:00:00,egg-01,30.9,7.22,0.0,0.0,35.6,0.0,2.436,43,1
2026-09-23 15:00:00,egg-01,29.7,7.23,0.0,0.0,44.5,0.0,2.436,8,1
2026-09-23 18:00:00,egg-01,30.2,7.2,0.0,0.45,53.4,0.0,2.436,19,1
2026-09-23 21:00:00,egg-01,31.7,7.12,0.0,0.0,0.0,350.0,2.596,24,1
2026-09-24 00:00:00,egg-01,29.0,7.27,0.0,0.0,0.0,0.0,2.596,27,1
2026-09-24 03:00:00,egg-01,30.5,7.24,0.0,0.0,9.3,0.0,2.596,44,1
2026-09-24 06:00:00,egg-01,29.0,7.16,0.0,0.0,18.7,0.0,2.596,65,1
2026-09-24 09:00:00,egg-01,29.0,7.15,0.0,0.0,28.0,0.0,2.596,38,1
2026-09-24 12:00:00,egg-01,30.6,7.22,0.0,0.0,37.4,0.0,2.596,51,1
2026-09-24 15:00:00,egg-01,29.1,7.26,0.0,0.0,46.7,0.0,2.596,49,1
2026-09-24 18:00:00,egg-01,28.7,7.29,0.0,0.93,56.0,0.0,2.596,74,1
2026-09-24 21:00:00,egg-01,29.4,7.2,0.0,0.0,0.0,350.0,2.764,61,1
2026-09-25 00:00:00,egg-01,28.8,7.08,0.0,0.0,0.0,0.0,2.764,21,1
2026-09-25 03:00:00,egg-01,29.5,7.17,0.0,0.0,8.3,0.0,2.764,49,1
2026-09-25 06:00:00,egg-01,30.2,7.13,0.0,0.0,16.7,0.0,2.764,49,1
2026-09-25 09:00:00,egg-01,31.5,7.27,0.0,0.0,25.0,0.0,2.764,55,1
2026-09-25 12:00:00,egg-01,30.0,7.26,0.0,0.0,33.4,0.0,2.764,26,1
2026-09-25 15:00:00,egg-01,30.6,7.19,0.0,0.0,41.7,0.0,2.764,57,1
2026-09-25 18:00:00,egg-01,30.4,7.13,0.0,0.0,50.1,0.0,2.764,42,1
2026-09-25 21:00:00,egg-01,31.0,7.13,0.0,0.0,0.0,350.0,2.914,32,1
2026-09-26 00:00:00,egg-01,29.4,7.11,0.0,0.0,0.0,0.0,2.914,54,1
2026-09-26 03:00:00,egg-01,31.0,7.25,0.0,0.0,9.1,0.0,2.914,44,1
2026-09-26 06:00:00,egg-01,30.0,7.21,0.0,0.0,18.1,0.0,2.914,29,1
2026-09-26 09:00:00,egg-01,30.7,7.26,0.0,0.0,27.2,0.0,2.914,54,1
2026-09-26 12:00:00,egg-01,29.6,7.2,0.0,0.0,36.3,0.0,2.914,38,1
2026-09-26 15:00:00,egg-01,31.4,7.21,0.0,0.0,45.4,0.0,2.914,12,1
2026-09-26 18:00:00,egg-01,30.3,7.31,0.0,1.08,54.4,0.0,2.914,50,1
2026-09-26 21:00:00,egg-01,30.7,7.2,0.0,0.0,0.0,350.0,3.076,10,1
2026-09-27 00:00:00,egg-01,28.6,7.13,0.0,0.0,0.0,0.0,3.076,38,1
2026-09-27 03:00:00,egg-01,30.2,7.24,0.0,0.0,9.7,0.0,3.076,35,1
2026-09-27 06:00:00,egg-01,30.8,7.18,0.0,0.0,19.4,0.0,3.076,29,1
2026-09-27 09:00:00,egg-01,30.7,7.15,0.0,0.0,29.0,0.0,3.076,1,1
2026-09-27 12:00:00,egg-01,29.2,7.21,0.0,0.0,38.7,0.0,3.076,6,1
2026-09-27 15:00:00,egg-01,29.7,7.18,0.0,0.0,48.4,0.0,3.076,19,1
2026-09-27 18:00:00,egg-01,28.8,7.17,0.0,1.05,58.1,0.0,3.076,32,1
2026-09-27 21:00:00,egg-01,31.0,7.22,0.0,0.0,0.0,350.0,3.25,16,1
2026-09-28 00:00:00,egg-01,29.3,7.24,0.0,0.0,0.0,0.0,3.25,68,1
2026-09-28 03:00:00,egg-01,30.3,7.22,0.0,0.0,10.1,0.0,3.25,68,1
2026-09-28 06:00:00,egg-01,30.0,7.18,0.0,0.0,20.1,0.0,3.25,19,1
2026-09-28 09:00:00,egg-01,29.6,7.33,0.0,0.0,30.2,0.0,3.25,19,1
2026-09-28 12:00:00,egg-01,30.0,7.12,0.0,0.0,40.2,0.0,3.25,42,1
2026-09-28 15:00:00,egg-01,30.7,7.19,0.0,0.0,50.3,0.0,3.25,51,1
2026-09-28 18:00:00,egg-01,30.6,7.23,0.0,0.94,60.3,0.0,3.25,66,1
2026-09-28 21:00:00,egg-01,30.6,7.18,0.0,0.0,0.0,350.0,3.43,30,1
2026-09-29 00:00:00,egg-01,29.3,7.23,0.0,0.0,0.0,0.0,3.43,35,1
2026-09-29 03:00:00,egg-01,32.2,7.31,0.0,0.0,9.3,0.0,3.43,37,1
2026-09-29 06:00:00,egg-01,29.7,7.3,0.0,0.0,18.7,0.0,3.43,12,1
2026-09-29 09:00:00,egg-01,29.6,7.26,0.0,0.0,28.0,0.0,3.43,26,1
2026-09-29 12:00:00,egg-01,29.6,7.18,0.0,0.0,37.4,0.0,3.43,50,1
2026-09-29 15:00:00,egg-01,30.1,7.22,0.0,0.0,46.7,0.0,3.43,49,1
2026-09-29 18:00:00,egg-01,30.0,7.27,0.0,0.24,56.1,0.0,3.43,29,1
2026-09-29 21:00:00,egg-01,28.9,7.09,0.0,0.0,0.0,350.0,3.598,16,1
2026-09-30 00:00:00,egg-01,29.6,7.26,0.0,0.0,0.0,0.0,3.598,43,1
2026-09-30 03:00:00,egg-01,29.5,7.14,0.0,0.0,9.6,0.0,3.598,32,1
2026-09-30 06:00:00,egg-01,29.7,7.17,0.0,0.0,19.2,0.0,3.598,19,1
2026-09-30 09:00:00,egg-01,29.6,7.26,0.0,0.0,28.8,0.0,3.598,7,1
2026-09-30 12:00:00,egg-01,29.8,7.07,0.0,0.0,38.4,0.0,3.598,43,1
2026-09-30 15:00:00,egg-01,29.4,7.07,0.0,0.0,48.0,0.0,3.598,42,1
2026-09-30 18:00:00,egg-01,31.5,7.21,0.0,0.84,57.6,0.0,3.598,57,1
2026-09-30 21:00:00,egg-01,29.9,7.07,0.0,0.0,0.0,350.0,3.771,47,1
2026-10-01 00:00:00,egg-01,29.7,7.11,0.0,0.0,0.0,0.0,3.771,52,1
2026-10-01 03:00:00,egg-01,30.2,7.17,0.0,0.0,10.1,0.0,3.771,53,1
2026-10-01 06:00:00,egg-01,29.3,7.24,0.0,0.0,20.1,0.0,3.771,26,1
2026-10-01 09:00:00,egg-01,30.4,7.13,0.0,0.0,30.2,0.0,3.771,62,1
2026-10-01 12:00:00,egg-01,30.2,7.29,0.0,0.0,40.3,0.0,3.771,28,1
2026-10-01 15:00:00,egg-01,29.6,7.25,0.0,0.0,50.3,0.0,3.771,1,1
2026-10-01 18:00:00,egg-01,29.1,7.26,0.0,0.99,60.4,0.0,3.771,47,1
2026-10-01 21:00:00,egg-01,30.8,7.18,0.0,0.0,0.0,350.0,3.951,48,1
2026-10-02 00:00:00,egg-01,29.4,7.12,0.0,0.0,0.0,0.0,3.951,15,1
2026-10-02 03:00:00,egg-01,29.6,7.17,0.0,0.0,10.5,0.0,3.951,31,1
2026-10-02 06:00:00,egg-01,27.2,7.08,0.0,0.0,21.1,0.0,3.951,32,1
2026-10-02 09:00:00,egg-01,30.2,7.17,0.0,0.0,31.6,0.0,3.951,27,1
2026-10-02 12:00:00,egg-01,28.2,7.32,0.0,0.0,42.1,0.0,3.951,23,1
2026-10-02 15:00:00,egg-01,31.3,7.29,0.0,0.0,52.7,0.0,3.951,44,1
2026-10-02 18:00:00,egg-01,29.5,7.21,0.0,1.03,63.2,0.0,3.951,23,1
2026-10-02 21:00:00,egg-01,30.2,7.2,0.0,0.0,0.0,350.0,4.14,48,1
2026-10-03 00:00:00,egg-01,30.8,7.3,0.0,0.0,0.0,0.0,4.14,34,1
2026-10-03 03:00:00,egg-01,30.8,7.15,0.0,0.0,9.4,0.0,4.14,27,1
2026-10-03 06:00:00,egg-01,29.5,7.14,0.0,0.0,18.8,0.0,4.14,55,1
2026-10-03 09:00:00,egg-01,30.7,7.28,0.0,0.0,28.2,0.0,4.14,40,1
2026-10-03 12:00:00,egg-01,30.2,7.17,0.0,0.0,37.7,0.0,4.14,23,1
2026-10-03 15:00:00,egg-01,30.4,7.22,0.0,0.0,47.1,0.0,4.14,23,1
2026-10-03 18:00:00,egg-01,30.5,7.1,0.0,0.0,56.5,0.0,4.14,37,1
2026-10-03 21:00:00,egg-01,29.5,7.17,0.0,0.0,0.0,350.0,4.309,24,1
